{"samples_per_class":{"height":1034,"caption":"Step 15000","_type":"image-file","sha256":"666110d2f324a5478f906408e0541f3eb52ebc150b980f03a4dc10173b79dd0e","size":1640736,"path":"media/images/samples_per_class_15000_666110d2f324a5478f90.png","format":"png","width":1034},"_wandb":{"runtime":8499},"_runtime":8499.99963598,"_step":15000,"loss":0.27871090173721313,"lr":0.0001,"step":15000,"_timestamp":1.76707343016983e+09}