{"_wandb":{"runtime":183},"_runtime":183.00366255,"_step":200,"loss":0.3694339692592621,"lr":2e-05,"step":200,"_timestamp":1.7670654069226635e+09}